<?xml version="1.0" encoding="utf-16"?>
<Level width ="2">
<Camera x="0" y="2" minWidth="20" maxWidth="30">
<Birds>
<Bird type="BirdYellow"/>
<Bird type="BirdYellow"/>
</Birds>
<Slingshot x="-8" y="-2.5">
<GameObjects>
<Block type="RectSmall" material="ice" x="-1.6842556466" y="3.735" rotation="90" />
<Pig type="BasicSmall" material="" x="-1.6842556466" y="4.41" rotation="0" />
<Platform type="Platform" material="" x="-2.69" y="3" />
<Platform type="Platform" material="" x="-2.07" y="3" />
<Platform type="Platform" material="" x="-1.45" y="3" />
<Platform type="Platform" material="" x="-0.83" y="3" />
<TNT type="" material="" x="-2.31895876952" y="3.67" rotation="0" />
</GameObjects>
</Level>
