<?xml version="1.0" encoding="utf-16"?>
<Level width ="2">
<Camera x="0" y="2" minWidth="20" maxWidth="30">
<Birds>
<Bird type="BirdWhite"/>
<Bird type="BirdBlack"/>
</Birds>
<Slingshot x="-8" y="-2.5">
<GameObjects>
<Block type="RectFat" material="ice" x="-0.9457321725" y="3.525" rotation="0" />
<Block type="RectFat" material="wood" x="-0.9457321725" y="4.165" rotation="90" />
<Block type="SquareSmall" material="wood" x="-0.945732172478" y="4.805" rotation="0" />
<Pig type="BasicSmall" material="" x="-0.9457321725" y="5.27" rotation="0" />
<Platform type="Platform" material="" x="-2.69" y="3" />
<Platform type="Platform" material="" x="-2.07" y="3" />
<Platform type="Platform" material="" x="-1.45" y="3" />
<Platform type="Platform" material="" x="-0.83" y="3" />
<TNT type="" material="" x="-1.95733401804" y="3.67" rotation="0" />
</GameObjects>
</Level>
