<?xml version="1.0" encoding="utf-16"?>
<Level width="2">
  <Camera x="0" y="2" minWidth="20" maxWidth="30" />
  <Birds>
    <Bird type="BirdRed" />
    <Bird type="BirdYellow" />
    <Bird type="BirdRed" />
</Birds>
  <Slingshot x="-8" y="-2.5" />
  <GameObjects>
    <Block type="RectMedium" material="ice" x="0" y="5.15" rotation="90" />
    <Pig type="BasicSmall" x="0" y="6.24" rotation="0" />
    <Pig type="BasicSmall" x="-3.469649" y="-2.5" rotation="0" />
    <Platform type="Platform" x="-3.69" y="4" rotation="0" scaleX="1" scaleY="1" />
    <Platform type="Platform" x="-3.07" y="4" rotation="0" scaleX="1" scaleY="1" />
    <Platform type="Platform" x="-3.69" y="4" rotation="0" scaleX="1" scaleY="1" />
    <Platform type="Platform" x="-3.07" y="4" rotation="0" scaleX="1" scaleY="1" />
    <Trigger type="Trigger" x="-3.38" y="0" />
</GameObjects>
</Level>
