<?xml version="1.0" encoding="utf-16"?>
<Level width="2">
  <Camera x="0" y="2" minWidth="20" maxWidth="30" />
  <Birds>
    <Bird type="BirdYellow" />
    <Bird type="BirdYellow" />
    <Bird type="BirdRed" />
</Birds>
  <Slingshot x="-8" y="-2.5" />
  <GameObjects>
    <Block type="RectMedium" material="stone" x="0.3699999" y="1.15" rotation="90" />
    <Block type="RectMedium" material="ice" x="-0.3699999" y="1.15" rotation="90" />
    <Pig type="BasicSmall" x="0.01000023" y="0.5599999" rotation="0" />
    <Pig type="BasicSmall" x="-0.3699999" y="2.24" rotation="0" />
    <TNT type="TNT" x="0.3699999" y="2.24" rotation="0" />
    <Platform type="Platform" x="-4.69" y="0" rotation="0" scaleX="1" scaleY="1" />
    <Platform type="Platform" x="-4.07" y="0" rotation="0" scaleX="1" scaleY="1" />
    <Platform type="Platform" x="-4.69" y="0" rotation="0" scaleX="1" scaleY="1" />
    <Platform type="Platform" x="-4.07" y="0" rotation="0" scaleX="1" scaleY="1" />
    <Trigger type="Trigger" x="0.4623227" y="0.5972692" />
</GameObjects>
</Level>
