<?xml version="1.0" encoding="utf-16"?>
<Level width="2">
  <Camera x="0" y="2" minWidth="20" maxWidth="30" />
  <Birds>
    <Bird type="BirdYellow" />
    <Bird type="BirdYellow" />
</Birds>
  <Slingshot x="-8" y="-2.5" />
  <GameObjects>
    <Block type="RectTiny" material="stone" x="-3.82" y="2.525" rotation="90" />
    <Block type="RectTiny" material="wood" x="-2.94" y="2.525" rotation="90" />
    <Block type="CircleSmall" material="stone" x="-3.82" y="2.965" rotation="0" />
    <TNT type="TNT" x="-3.33" y="2.56" rotation="0" />
    <Platform type="Platform" x="-3.69" y="2" rotation="0" scaleX="1" scaleY="1" />
    <Platform type="Platform" x="-3.07" y="2" rotation="0" scaleX="1" scaleY="1" />
    <Trigger type="Trigger" x="-3.876437" y="2.597102" />
</GameObjects>
</Level>
