<?xml version="1.0" encoding="utf-16"?>
<Level width="2">
  <Camera x="0" y="2" minWidth="20" maxWidth="30" />
  <Birds>
    <Bird type="BirdBlue" />
    <Bird type="BirdYellow" />
    <Bird type="BirdBlack" />
</Birds>
  <Slingshot x="-8" y="-2.5" />
  <GameObjects>
    <Block type="RectMedium" material="stone" x="-0.2289606" y="2.15" rotation="90" />
    <Block type="SquareTiny" material="stone" x="-0.2289606" y="3.1" rotation="0" />
    <Pig type="BasicSmall" x="-0.2289606" y="3.46" rotation="0" />
    <TNT type="TNT" x="0.3549587" y="1.67" rotation="0" />
    <Platform type="Platform" x="-1.69" y="1" rotation="0" scaleX="1" scaleY="1" />
    <Platform type="Platform" x="-1.07" y="1" rotation="0" scaleX="1" scaleY="1" />
    <Platform type="Platform" x="-1.69" y="1" rotation="0" scaleX="1" scaleY="1" />
    <Platform type="Platform" x="-1.07" y="1" rotation="0" scaleX="1" scaleY="1" />
    <Trigger type="Trigger" x="-2.38" y="-2" />
</GameObjects>
</Level>
