<?xml version="1.0" encoding="utf-16"?>
<Level width="2">
  <Camera x="0" y="2" minWidth="20" maxWidth="30" />
  <Birds>
    <Bird type="BirdRed" />
    <Bird type="BirdRed" />
    <Bird type="BirdRed" />
</Birds>
  <Slingshot x="-8" y="-2.5" />
  <GameObjects>
    <Block type="RectTiny" material="wood" x="0" y="3.42" rotation="0" />
    <Block type="RectTiny" material="stone" x="0" y="3.745" rotation="90" />
    <Block type="RectSmall" material="ice" x="0" y="4.385" rotation="90" />
    <Pig type="BasicSmall" x="0" y="5.06" rotation="0" />
    <Pig type="BasicSmall" x="-3.13385" y="-3.5" rotation="0" />
    <Platform type="Platform" x="-3.69" y="3" rotation="0" scaleX="1" scaleY="1" />
    <Platform type="Platform" x="-3.07" y="3" rotation="0" scaleX="1" scaleY="1" />
    <Platform type="Platform" x="-3.69" y="3" rotation="0" scaleX="1" scaleY="1" />
    <Platform type="Platform" x="-3.07" y="3" rotation="0" scaleX="1" scaleY="1" />
    <Trigger type="Trigger" x="-3.38" y="0" />
</GameObjects>
</Level>
