<?xml version="1.0" encoding="utf-16"?>
<Level width="2">
  <Camera x="0" y="2" minWidth="20" maxWidth="30" />
  <Birds>
    <Bird type="BirdYellow" />
    <Bird type="BirdWhite" />
</Birds>
  <Slingshot x="-8" y="-2.5" />
  <GameObjects>
    <Block type="SquareHole" material="ice" x="0.92" y="1.73" rotation="0" />
    <Block type="SquareHole" material="stone" x="-1.192093E-07" y="1.73" rotation="0" />
    <Block type="SquareHole" material="ice" x="-0.9200001" y="1.73" rotation="0" />
    <Block type="RectTiny" material="stone" x="0.92" y="2.365" rotation="90" />
    <Block type="RectTiny" material="wood" x="-1.192093E-07" y="2.365" rotation="90" />
    <Block type="RectTiny" material="stone" x="-0.9200001" y="2.365" rotation="90" />
    <Block type="RectBig" material="stone" x="-1.192093E-07" y="2.69" rotation="0" />
    <Block type="TriangleHole" material="stone" x="-0.6866667" y="3.21" rotation="0" />
    <TNT type="TNT" x="-1.192093E-07" y="3.05" rotation="0" />
    <TNT type="TNT" x="0.6866666" y="3.05" rotation="0" />
    <Platform type="Platform" x="-3.69" y="1" rotation="0" scaleX="1" scaleY="1" />
    <Platform type="Platform" x="-3.07" y="1" rotation="0" scaleX="1" scaleY="1" />
    <Platform type="Platform" x="-2.45" y="1" rotation="0" scaleX="1" scaleY="1" />
    <Platform type="Platform" x="-1.83" y="1" rotation="0" scaleX="1" scaleY="1" />
    <Platform type="Platform" x="-1.21" y="1" rotation="0" scaleX="1" scaleY="1" />
    <Platform type="Platform" x="-0.59" y="1" rotation="0" scaleX="1" scaleY="1" />
    <Platform type="Platform" x="0.02999997" y="1" rotation="0" scaleX="1" scaleY="1" />
    <Platform type="Platform" x="-3.69" y="1" rotation="0" scaleX="1" scaleY="1" />
    <Platform type="Platform" x="-3.07" y="1" rotation="0" scaleX="1" scaleY="1" />
    <Platform type="Platform" x="-2.45" y="1" rotation="0" scaleX="1" scaleY="1" />
    <Platform type="Platform" x="-1.83" y="1" rotation="0" scaleX="1" scaleY="1" />
    <Platform type="Platform" x="-1.21" y="1" rotation="0" scaleX="1" scaleY="1" />
    <Platform type="Platform" x="-0.59" y="1" rotation="0" scaleX="1" scaleY="1" />
    <Platform type="Platform" x="0.02999997" y="1" rotation="0" scaleX="1" scaleY="1" />
    <Trigger type="Trigger" x="1.256665" y="1.890291" />
</GameObjects>
</Level>
