<?xml version="1.0" encoding="utf-16"?>
<Level width="2">
  <Camera x="0" y="2" minWidth="20" maxWidth="30" />
  <Birds>
    <Bird type="BirdRed" />
    <Bird type="BirdRed" />
    <Bird type="BirdYellow" />
</Birds>
  <Slingshot x="-8" y="-2.5" />
  <GameObjects>
    <Block type="RectFat" material="stone" x="0" y="3.525" rotation="0" />
    <Block type="RectFat" material="wood" x="0" y="4.165" rotation="90" />
    <Pig type="BasicSmall" x="0" y="4.84" rotation="0" />
    <Platform type="Platform" x="-3.69" y="3" rotation="0" scaleX="1" scaleY="1" />
    <Platform type="Platform" x="-3.07" y="3" rotation="0" scaleX="1" scaleY="1" />
    <Platform type="Platform" x="-3.69" y="3" rotation="0" scaleX="1" scaleY="1" />
    <Platform type="Platform" x="-3.07" y="3" rotation="0" scaleX="1" scaleY="1" />
    <Trigger type="Trigger" x="0.4339299" y="3.78482" />
</GameObjects>
</Level>
