<?xml version="1.0" encoding="utf-16"?>
<Level width="2">
  <Camera x="0" y="2" minWidth="20" maxWidth="30" />
  <Birds>
    <Bird type="BirdYellow" />
    <Bird type="BirdWhite" />
    <Bird type="BirdRed" />
</Birds>
  <Slingshot x="-8" y="-2.5" />
  <GameObjects>
    <Block type="RectBig" material="wood" x="0" y="0.4200001" rotation="0" />
    <Block type="RectTiny" material="stone" x="0.3150001" y="0.7449999" rotation="90" />
    <Block type="RectTiny" material="wood" x="0" y="0.7449999" rotation="90" />
    <Block type="RectTiny" material="wood" x="-0.3149999" y="0.7449999" rotation="90" />
    <Block type="RectTiny" material="wood" x="0.3150001" y="1.175" rotation="90" />
    <Block type="RectTiny" material="stone" x="0" y="1.175" rotation="90" />
    <Block type="RectTiny" material="ice" x="-0.3149999" y="1.175" rotation="90" />
    <Block type="RectSmall" material="wood" x="0" y="1.5" rotation="0" />
    <Block type="Triangle" material="stone" x="0" y="2.02" rotation="90" />
    <Pig type="BasicSmall" x="-0.6866666" y="0.78" rotation="0" />
    <Pig type="BasicSmall" x="0.6866667" y="0.78" rotation="0" />
    <Platform type="Platform" x="-1.69" y="0" rotation="0" scaleX="1" scaleY="1" />
    <Platform type="Platform" x="-1.07" y="0" rotation="0" scaleX="1" scaleY="1" />
    <Platform type="Platform" x="-0.45" y="0" rotation="0" scaleX="1" scaleY="1" />
    <Platform type="Platform" x="0.17" y="0" rotation="0" scaleX="1" scaleY="1" />
    <Platform type="Platform" x="-1.69" y="0" rotation="0" scaleX="1" scaleY="1" />
    <Platform type="Platform" x="-1.07" y="0" rotation="0" scaleX="1" scaleY="1" />
    <Platform type="Platform" x="-0.45" y="0" rotation="0" scaleX="1" scaleY="1" />
    <Platform type="Platform" x="0.17" y="0" rotation="0" scaleX="1" scaleY="1" />
    <Trigger type="Trigger" x="-1.76" y="-3" />
</GameObjects>
</Level>
