<?xml version="1.0" encoding="utf-16"?>
<Level width="2">
  <Camera x="0" y="2" minWidth="20" maxWidth="30" />
  <Birds>
    <Bird type="BirdBlack" />
    <Bird type="BirdYellow" />
    <Bird type="BirdBlack" />
</Birds>
  <Slingshot x="-8" y="-2.5" />
  <GameObjects>
    <Block type="RectMedium" material="stone" x="1.14" y="3.42" rotation="0" />
    <Block type="RectMedium" material="ice" x="-1.14" y="3.42" rotation="0" />
    <Block type="RectMedium" material="ice" x="1.14" y="3.64" rotation="0" />
    <Block type="RectMedium" material="stone" x="-1.14" y="3.64" rotation="0" />
    <Block type="CircleSmall" material="wood" x="1.14" y="3.975" rotation="0" />
    <Block type="CircleSmall" material="wood" x="-0.5799999" y="3.975" rotation="0" />
    <Block type="CircleSmall" material="stone" x="-1.14" y="3.975" rotation="0" />
    <Block type="CircleSmall" material="stone" x="1.7" y="3.975" rotation="0" />
    <Pig type="BasicSmall" x="0.5799999" y="4" rotation="0" />
    <TNT type="TNT" x="-1.7" y="4" rotation="0" />
    <TNT type="TNT" x="0.05000019" y="3.56" rotation="0" />
    <Platform type="Platform" x="-4.69" y="3" rotation="0" scaleX="1" scaleY="1" />
    <Platform type="Platform" x="-4.07" y="3" rotation="0" scaleX="1" scaleY="1" />
    <Platform type="Platform" x="-3.45" y="3" rotation="0" scaleX="1" scaleY="1" />
    <Platform type="Platform" x="-2.83" y="3" rotation="0" scaleX="1" scaleY="1" />
    <Platform type="Platform" x="-2.21" y="3" rotation="0" scaleX="1" scaleY="1" />
    <Platform type="Platform" x="-1.59" y="3" rotation="0" scaleX="1" scaleY="1" />
    <Platform type="Platform" x="-0.97" y="3" rotation="0" scaleX="1" scaleY="1" />
    <Platform type="Platform" x="-4.69" y="3" rotation="0" scaleX="1" scaleY="1" />
    <Platform type="Platform" x="-4.07" y="3" rotation="0" scaleX="1" scaleY="1" />
    <Platform type="Platform" x="-3.45" y="3" rotation="0" scaleX="1" scaleY="1" />
    <Platform type="Platform" x="-2.83" y="3" rotation="0" scaleX="1" scaleY="1" />
    <Platform type="Platform" x="-2.21" y="3" rotation="0" scaleX="1" scaleY="1" />
    <Platform type="Platform" x="-1.59" y="3" rotation="0" scaleX="1" scaleY="1" />
    <Platform type="Platform" x="-0.97" y="3" rotation="0" scaleX="1" scaleY="1" />
    <Trigger type="Trigger" x="2.001787" y="3.549966" />
</GameObjects>
</Level>
