<?xml version="1.0" encoding="utf-16"?>
<Level width="2">
  <Camera x="0" y="2" minWidth="20" maxWidth="30" />
  <Birds>
    <Bird type="BirdRed" />
    <Bird type="BirdWhite" />
    <Bird type="BirdYellow" />
</Birds>
  <Slingshot x="-8" y="-2.5" />
  <GameObjects>
    <Block type="RectMedium" material="stone" x="-3.021754" y="3.15" rotation="90" />
    <Pig type="BasicSmall" x="-3.021754" y="4.24" rotation="0" />
    <TNT type="TNT" x="-3.453258" y="2.67" rotation="0" />
    <Platform type="Platform" x="-3.69" y="2" rotation="0" scaleX="1" scaleY="1" />
    <Platform type="Platform" x="-3.07" y="2" rotation="0" scaleX="1" scaleY="1" />
    <Trigger type="Trigger" x="-1" y="-1" />
</GameObjects>
</Level>
