<?xml version="1.0" encoding="utf-16"?>
<Level width="2">
  <Camera x="0" y="2" minWidth="20" maxWidth="30" />
  <Birds>
    <Bird type="BirdBlack" />
    <Bird type="BirdRed" />
    <Bird type="BirdBlack" />
</Birds>
  <Slingshot x="-8" y="-2.5" />
  <GameObjects>
    <Block type="RectFat" material="ice" x="-2.43" y="4.525" rotation="0" />
    <Block type="RectFat" material="wood" x="-1.09" y="4.525" rotation="0" />
    <Block type="SquareSmall" material="ice" x="-2.325" y="4.955" rotation="0" />
    <Block type="SquareSmall" material="ice" x="-1.195" y="4.955" rotation="0" />
    <Pig type="BasicSmall" x="-2.325" y="5.42" rotation="0" />
    <Pig type="BasicSmall" x="-1.195" y="5.42" rotation="0" />
    <Platform type="Platform" x="-2.69" y="4" rotation="0" scaleX="1" scaleY="1" />
    <Platform type="Platform" x="-2.07" y="4" rotation="0" scaleX="1" scaleY="1" />
    <Platform type="Platform" x="-1.45" y="4" rotation="0" scaleX="1" scaleY="1" />
    <Platform type="Platform" x="-0.83" y="4" rotation="0" scaleX="1" scaleY="1" />
    <Trigger type="Trigger" x="0" y="0" />
</GameObjects>
</Level>
