<?xml version="1.0" encoding="utf-16"?>
<Level width="2">
  <Camera x="0" y="2" minWidth="20" maxWidth="30" />
  <Birds>
    <Bird type="BirdRed" />
    <Bird type="BirdBlack" />
</Birds>
  <Slingshot x="-8" y="-2.5" />
  <GameObjects>
    <Block type="RectBig" material="ice" x="0.17" y="4.42" rotation="0" />
    <Block type="RectBig" material="wood" x="0.17" y="4.64" rotation="0" />
    <Block type="RectFat" material="wood" x="0.17" y="4.965" rotation="0" />
    <Block type="SquareTiny" material="stone" x="0.17" y="5.29" rotation="0" />
    <Block type="CircleSmall" material="stone" x="0.17" y="5.625" rotation="0" />
    <Block type="CircleSmall" material="ice" x="0.8566667" y="4.975" rotation="0" />
    <TNT type="TNT" x="-0.5166667" y="5" rotation="0" />
    <Platform type="Platform" x="-1.69" y="4" rotation="0" scaleX="1" scaleY="1" />
    <Platform type="Platform" x="-1.07" y="4" rotation="0" scaleX="1" scaleY="1" />
    <Platform type="Platform" x="-0.45" y="4" rotation="0" scaleX="1" scaleY="1" />
    <Platform type="Platform" x="0.17" y="4" rotation="0" scaleX="1" scaleY="1" />
    <Platform type="Platform" x="0.79" y="4" rotation="0" scaleX="1" scaleY="1" />
    <Platform type="Platform" x="1.41" y="4" rotation="0" scaleX="1" scaleY="1" />
    <Platform type="Platform" x="2.03" y="4" rotation="0" scaleX="1" scaleY="1" />
    <Trigger type="Trigger" x="-0.7935164" y="4.802573" />
</GameObjects>
</Level>
