<?xml version="1.0" encoding="utf-16"?>
<Level width="2">
  <Camera x="0" y="2" minWidth="20" maxWidth="30" />
  <Birds>
    <Bird type="BirdRed" />
    <Bird type="BirdRed" />
    <Bird type="BirdWhite" />
</Birds>
  <Slingshot x="-8" y="-2.5" />
  <GameObjects>
    <Block type="RectFat" material="ice" x="-0.7703635" y="4.525" rotation="0" />
    <Pig type="BasicSmall" x="-0.7703635" y="4.99" rotation="0" />
    <TNT type="TNT" x="-1.955432" y="4.67" rotation="0" />
    <Platform type="Platform" x="-2.69" y="4" rotation="0" scaleX="1" scaleY="1" />
    <Platform type="Platform" x="-2.07" y="4" rotation="0" scaleX="1" scaleY="1" />
    <Platform type="Platform" x="-1.45" y="4" rotation="0" scaleX="1" scaleY="1" />
    <Platform type="Platform" x="-0.83" y="4" rotation="0" scaleX="1" scaleY="1" />
    <Trigger type="Trigger" x="0" y="1" />
</GameObjects>
</Level>
