<?xml version="1.0" encoding="utf-16"?>
<Level width="2">
  <Camera x="0" y="2" minWidth="20" maxWidth="30" />
  <Birds>
    <Bird type="BirdYellow" />
    <Bird type="BirdRed" />
    <Bird type="BirdYellow" />
</Birds>
  <Slingshot x="-8" y="-2.5" />
  <GameObjects>
    <Block type="RectSmall" material="stone" x="-4.38" y="1.42" rotation="0" />
    <Block type="SquareSmall" material="stone" x="-4.38" y="1.745" rotation="0" />
    <Block type="SquareSmall" material="wood" x="-4.38" y="2.175" rotation="0" />
    <Block type="RectTiny" material="ice" x="-4.38" y="2.5" rotation="0" />
    <Pig type="BasicSmall" x="-4.38" y="2.86" rotation="0" />
    <Pig type="BasicSmall" x="-0.7077171" y="-5.5" rotation="0" />
    <Platform type="Platform" x="-4.69" y="1" rotation="0" scaleX="1" scaleY="1" />
    <Platform type="Platform" x="-4.07" y="1" rotation="0" scaleX="1" scaleY="1" />
    <Trigger type="Trigger" x="-2" y="-2" />
</GameObjects>
</Level>
