<?xml version="1.0" encoding="utf-16"?>
<Level width="2">
  <Camera x="0" y="2" minWidth="20" maxWidth="30" />
  <Birds>
    <Bird type="BirdYellow" />
    <Bird type="BirdBlack" />
    <Bird type="BirdBlue" />
</Birds>
  <Slingshot x="-8" y="-2.5" />
  <GameObjects>
    <Block type="RectMedium" material="wood" x="0.22" y="1.15" rotation="90" />
    <Block type="RectMedium" material="wood" x="-0.2199998" y="1.15" rotation="90" />
    <Pig type="BasicSmall" x="0.22" y="2.24" rotation="0" />
    <Pig type="BasicSmall" x="-2.762264" y="-6.5" rotation="0" />
    <Platform type="Platform" x="-4.69" y="0" rotation="0" scaleX="1" scaleY="1" />
    <Platform type="Platform" x="-4.07" y="0" rotation="0" scaleX="1" scaleY="1" />
    <Platform type="Platform" x="-3.45" y="0" rotation="0" scaleX="1" scaleY="1" />
    <Platform type="Platform" x="-2.83" y="0" rotation="0" scaleX="1" scaleY="1" />
    <Platform type="Platform" x="-2.21" y="0" rotation="0" scaleX="1" scaleY="1" />
    <Platform type="Platform" x="-1.59" y="0" rotation="0" scaleX="1" scaleY="1" />
    <Platform type="Platform" x="-0.97" y="0" rotation="0" scaleX="1" scaleY="1" />
    <Platform type="Platform" x="-4.69" y="0" rotation="0" scaleX="1" scaleY="1" />
    <Platform type="Platform" x="-4.07" y="0" rotation="0" scaleX="1" scaleY="1" />
    <Platform type="Platform" x="-3.45" y="0" rotation="0" scaleX="1" scaleY="1" />
    <Platform type="Platform" x="-2.83" y="0" rotation="0" scaleX="1" scaleY="1" />
    <Platform type="Platform" x="-2.21" y="0" rotation="0" scaleX="1" scaleY="1" />
    <Platform type="Platform" x="-1.59" y="0" rotation="0" scaleX="1" scaleY="1" />
    <Platform type="Platform" x="-0.97" y="0" rotation="0" scaleX="1" scaleY="1" />
    <Trigger type="Trigger" x="-0.8299999" y="-3" />
</GameObjects>
</Level>
