<?xml version="1.0" encoding="utf-16"?>
<Level width="2">
  <Camera x="0" y="2" minWidth="20" maxWidth="30" />
  <Birds>
    <Bird type="BirdBlack" />
    <Bird type="BirdRed" />
    <Bird type="BirdRed" />
</Birds>
  <Slingshot x="-8" y="-2.5" />
  <GameObjects>
    <Block type="RectTiny" material="stone" x="-3.608872" y="0.5250001" rotation="90" />
    <Block type="RectTiny" material="stone" x="-3.278872" y="0.5250001" rotation="90" />
    <Block type="RectTiny" material="ice" x="-2.948872" y="0.5250001" rotation="90" />
    <Pig type="BasicSmall" x="-2.948872" y="0.99" rotation="0" />
    <Pig type="BasicSmall" x="-3.608872" y="0.99" rotation="0" />
    <TNT type="TNT" x="-4.82" y="0.6700001" rotation="0" />
    <Platform type="Platform" x="-4.69" y="0" rotation="0" scaleX="1" scaleY="1" />
    <Platform type="Platform" x="-4.07" y="0" rotation="0" scaleX="1" scaleY="1" />
    <Platform type="Platform" x="-3.45" y="0" rotation="0" scaleX="1" scaleY="1" />
    <Platform type="Platform" x="-2.83" y="0" rotation="0" scaleX="1" scaleY="1" />
    <Trigger type="Trigger" x="0" y="0" />
</GameObjects>
</Level>
