<?xml version="1.0" encoding="utf-16"?>
<Level width="2">
  <Camera x="0" y="2" minWidth="20" maxWidth="30" />
  <Birds>
    <Bird type="BirdYellow" />
    <Bird type="BirdWhite" />
    <Bird type="BirdBlue" />
</Birds>
  <Slingshot x="-8" y="-2.5" />
  <GameObjects>
    <Block type="RectTiny" material="stone" x="-3.48" y="1.525" rotation="90" />
    <Block type="RectTiny" material="stone" x="-3.1" y="1.525" rotation="90" />
    <Block type="RectTiny" material="ice" x="-2.56" y="1.525" rotation="90" />
    <Block type="RectTiny" material="stone" x="-2.18" y="1.525" rotation="90" />
    <Pig type="BasicSmall" x="-2.56" y="1.99" rotation="0" />
    <Pig type="BasicSmall" x="-3.1" y="1.99" rotation="0" />
    <Platform type="Platform" x="-4.69" y="1" rotation="0" scaleX="1" scaleY="1" />
    <Platform type="Platform" x="-4.07" y="1" rotation="0" scaleX="1" scaleY="1" />
    <Platform type="Platform" x="-3.45" y="1" rotation="0" scaleX="1" scaleY="1" />
    <Platform type="Platform" x="-2.83" y="1" rotation="0" scaleX="1" scaleY="1" />
    <Platform type="Platform" x="-2.21" y="1" rotation="0" scaleX="1" scaleY="1" />
    <Platform type="Platform" x="-1.59" y="1" rotation="0" scaleX="1" scaleY="1" />
    <Platform type="Platform" x="-0.97" y="1" rotation="0" scaleX="1" scaleY="1" />
    <Trigger type="Trigger" x="-3.531736" y="1.785" />
</GameObjects>
</Level>
