<?xml version="1.0" encoding="utf-16"?>
<Level width="2">
  <Camera x="0" y="2" minWidth="20" maxWidth="30" />
  <Birds>
    <Bird type="BirdRed" />
    <Bird type="BirdYellow" />
    <Bird type="BirdYellow" />
</Birds>
  <Slingshot x="-8" y="-2.5" />
  <GameObjects>
    <Block type="RectTiny" material="stone" x="0" y="4.42" rotation="0" />
    <Pig type="BasicSmall" x="0" y="4.78" rotation="0" />
    <Platform type="Platform" x="-3.69" y="4" rotation="0" scaleX="1" scaleY="1" />
    <Platform type="Platform" x="-3.07" y="4" rotation="0" scaleX="1" scaleY="1" />
    <Platform type="Platform" x="-3.69" y="4" rotation="0" scaleX="1" scaleY="1" />
    <Platform type="Platform" x="-3.07" y="4" rotation="0" scaleX="1" scaleY="1" />
    <Trigger type="Trigger" x="-2.38" y="1" />
</GameObjects>
</Level>
