<?xml version="1.0" encoding="utf-16"?>
<Level width="2">
  <Camera x="0" y="2" minWidth="20" maxWidth="30" />
  <Birds>
    <Bird type="BirdRed" />
    <Bird type="BirdBlack" />
    <Bird type="BirdRed" />
</Birds>
  <Slingshot x="-8" y="-2.5" />
  <GameObjects>
    <Block type="SquareSmall" material="wood" x="-3.145" y="4.525" rotation="0" />
    <Block type="SquareSmall" material="ice" x="-2.515" y="4.525" rotation="0" />
    <Block type="RectTiny" material="ice" x="-3.145" y="4.85" rotation="0" />
    <Block type="RectTiny" material="stone" x="-2.515" y="4.85" rotation="0" />
    <Block type="RectFat" material="wood" x="-2.83" y="5.175" rotation="0" />
    <Pig type="BasicSmall" x="-3.113333" y="5.64" rotation="0" />
    <TNT type="TNT" x="-2.546667" y="5.64" rotation="0" />
    <Platform type="Platform" x="-4.69" y="4" rotation="0" scaleX="1" scaleY="1" />
    <Platform type="Platform" x="-4.07" y="4" rotation="0" scaleX="1" scaleY="1" />
    <Platform type="Platform" x="-3.45" y="4" rotation="0" scaleX="1" scaleY="1" />
    <Platform type="Platform" x="-2.83" y="4" rotation="0" scaleX="1" scaleY="1" />
    <Platform type="Platform" x="-2.21" y="4" rotation="0" scaleX="1" scaleY="1" />
    <Platform type="Platform" x="-1.59" y="4" rotation="0" scaleX="1" scaleY="1" />
    <Platform type="Platform" x="-0.97" y="4" rotation="0" scaleX="1" scaleY="1" />
    <Trigger type="Trigger" x="-3.241358" y="5.469261" />
</GameObjects>
</Level>
