<?xml version="1.0" encoding="utf-16"?>
<Level width="2">
  <Camera x="0" y="2" minWidth="20" maxWidth="30" />
  <Birds>
    <Bird type="BirdYellow" />
    <Bird type="BirdBlue" />
    <Bird type="BirdBlue" />
</Birds>
  <Slingshot x="-8" y="-2.5" />
  <GameObjects>
    <Block type="RectFat" material="wood" x="-0.1046573" y="2.735" rotation="90" />
    <Block type="RectFat" material="stone" x="-0.1046573" y="3.585" rotation="90" />
    <Pig type="BasicSmall" x="-0.1046573" y="4.26" rotation="0" />
    <TNT type="TNT" x="0.4357824" y="2.67" rotation="0" />
    <Platform type="Platform" x="-2.69" y="2" rotation="0" scaleX="1" scaleY="1" />
    <Platform type="Platform" x="-2.07" y="2" rotation="0" scaleX="1" scaleY="1" />
    <Platform type="Platform" x="-1.45" y="2" rotation="0" scaleX="1" scaleY="1" />
    <Platform type="Platform" x="-0.83" y="2" rotation="0" scaleX="1" scaleY="1" />
    <Platform type="Platform" x="-2.69" y="2" rotation="0" scaleX="1" scaleY="1" />
    <Platform type="Platform" x="-2.07" y="2" rotation="0" scaleX="1" scaleY="1" />
    <Platform type="Platform" x="-1.45" y="2" rotation="0" scaleX="1" scaleY="1" />
    <Platform type="Platform" x="-0.83" y="2" rotation="0" scaleX="1" scaleY="1" />
    <Trigger type="Trigger" x="-1.76" y="-1" />
</GameObjects>
</Level>
