<?xml version="1.0" encoding="utf-16"?>
<Level width="2">
  <Camera x="0" y="2" minWidth="20" maxWidth="30" />
  <Birds>
    <Bird type="BirdRed" />
    <Bird type="BirdRed" />
    <Bird type="BirdWhite" />
</Birds>
  <Slingshot x="-8" y="-2.5" />
  <GameObjects>
    <Block type="RectMedium" material="ice" x="-1.65" y="2.15" rotation="90" />
    <Block type="RectMedium" material="stone" x="-1.11" y="2.15" rotation="90" />
    <Pig type="BasicSmall" x="-1.65" y="3.24" rotation="0" />
    <Pig type="BasicSmall" x="-1.11" y="3.24" rotation="0" />
    <Platform type="Platform" x="-1.69" y="1" rotation="0" scaleX="1" scaleY="1" />
    <Platform type="Platform" x="-1.07" y="1" rotation="0" scaleX="1" scaleY="1" />
    <Trigger type="Trigger" x="0" y="0" />
</GameObjects>
</Level>
