<?xml version="1.0" encoding="utf-16"?>
<Level width="2">
  <Camera x="0" y="2" minWidth="20" maxWidth="30" />
  <Birds>
    <Bird type="BirdBlue" />
    <Bird type="BirdWhite" />
    <Bird type="BirdRed" />
</Birds>
  <Slingshot x="-8" y="-2.5" />
  <GameObjects>
    <Block type="RectBig" material="stone" x="-1.76" y="2.42" rotation="0" />
    <Block type="RectSmall" material="stone" x="-2.265" y="2.64" rotation="0" />
    <Block type="RectSmall" material="wood" x="-1.255" y="2.64" rotation="0" />
    <Block type="RectTiny" material="ice" x="-2.265" y="2.86" rotation="0" />
    <Block type="RectTiny" material="ice" x="-1.255" y="2.86" rotation="0" />
    <Block type="RectTiny" material="wood" x="-2.265" y="3.08" rotation="0" />
    <Block type="RectTiny" material="ice" x="-1.255" y="3.08" rotation="0" />
    <Block type="SquareSmall" material="stone" x="-2.265" y="3.405" rotation="0" />
    <Block type="SquareSmall" material="ice" x="-1.255" y="3.405" rotation="0" />
    <Pig type="BasicSmall" x="-1.255" y="3.87" rotation="0" />
    <Pig type="BasicSmall" x="-2.265" y="3.87" rotation="0" />
    <Platform type="Platform" x="-2.69" y="2" rotation="0" scaleX="1" scaleY="1" />
    <Platform type="Platform" x="-2.07" y="2" rotation="0" scaleX="1" scaleY="1" />
    <Platform type="Platform" x="-1.45" y="2" rotation="0" scaleX="1" scaleY="1" />
    <Platform type="Platform" x="-0.83" y="2" rotation="0" scaleX="1" scaleY="1" />
    <Trigger type="Trigger" x="-2.384752" y="3.227502" />
</GameObjects>
</Level>
