<?xml version="1.0" encoding="utf-16"?>
<Level width="2">
  <Camera x="0" y="2" minWidth="20" maxWidth="30" />
  <Birds>
    <Bird type="BirdRed" />
    <Bird type="BirdRed" />
</Birds>
  <Slingshot x="-8" y="-2.5" />
  <GameObjects>
    <Block type="RectBig" material="ice" x="0.36" y="1.34" rotation="90" />
    <Block type="RectBig" material="stone" x="-0.36" y="1.34" rotation="90" />
    <Block type="CircleSmall" material="stone" x="0.36" y="2.595" rotation="0" />
    <TNT type="TNT" x="-0.36" y="2.62" rotation="0" />
    <Platform type="Platform" x="-1.69" y="0" rotation="0" scaleX="1" scaleY="1" />
    <Platform type="Platform" x="-1.07" y="0" rotation="0" scaleX="1" scaleY="1" />
    <Platform type="Platform" x="-1.69" y="0" rotation="0" scaleX="1" scaleY="1" />
    <Platform type="Platform" x="-1.07" y="0" rotation="0" scaleX="1" scaleY="1" />
    <Trigger type="Trigger" x="0.446687" y="2.794258" />
</GameObjects>
</Level>
