<?xml version="1.0" encoding="utf-16"?>
<Level width="2">
  <Camera x="0" y="2" minWidth="20" maxWidth="30" />
  <Birds>
    <Bird type="BirdYellow" />
    <Bird type="BirdBlue" />
</Birds>
  <Slingshot x="-8" y="-2.5" />
  <GameObjects>
    <Block type="RectMedium" material="stone" x="0.92" y="2.42" rotation="0" />
    <Block type="RectMedium" material="wood" x="-0.9200001" y="2.42" rotation="0" />
    <Block type="RectBig" material="wood" x="-5.960464E-08" y="2.64" rotation="0" />
    <Block type="RectTiny" material="stone" x="0.635" y="2.86" rotation="0" />
    <Block type="RectTiny" material="wood" x="-0.6350001" y="2.86" rotation="0" />
    <Block type="RectFat" material="wood" x="0.635" y="3.395" rotation="90" />
    <Block type="RectFat" material="wood" x="-0.6350001" y="3.395" rotation="90" />
    <Block type="CircleSmall" material="stone" x="-5.960464E-08" y="2.975" rotation="0" />
    <Block type="TriangleHole" material="ice" x="-0.6350001" y="4.23" rotation="0" />
    <TNT type="TNT" x="0.635" y="4.07" rotation="0" />
    <TNT type="TNT" x="-1.48" y="2.78" rotation="0" />
    <Platform type="Platform" x="-2.69" y="2" rotation="0" scaleX="1" scaleY="1" />
    <Platform type="Platform" x="-2.07" y="2" rotation="0" scaleX="1" scaleY="1" />
    <Platform type="Platform" x="-1.45" y="2" rotation="0" scaleX="1" scaleY="1" />
    <Platform type="Platform" x="-0.83" y="2" rotation="0" scaleX="1" scaleY="1" />
    <Platform type="Platform" x="-0.21" y="2" rotation="0" scaleX="1" scaleY="1" />
    <Platform type="Platform" x="0.41" y="2" rotation="0" scaleX="1" scaleY="1" />
    <Platform type="Platform" x="1.03" y="2" rotation="0" scaleX="1" scaleY="1" />
    <Platform type="Platform" x="-2.69" y="2" rotation="0" scaleX="1" scaleY="1" />
    <Platform type="Platform" x="-2.07" y="2" rotation="0" scaleX="1" scaleY="1" />
    <Platform type="Platform" x="-1.45" y="2" rotation="0" scaleX="1" scaleY="1" />
    <Platform type="Platform" x="-0.83" y="2" rotation="0" scaleX="1" scaleY="1" />
    <Platform type="Platform" x="-0.21" y="2" rotation="0" scaleX="1" scaleY="1" />
    <Platform type="Platform" x="0.41" y="2" rotation="0" scaleX="1" scaleY="1" />
    <Platform type="Platform" x="1.03" y="2" rotation="0" scaleX="1" scaleY="1" />
    <Trigger type="Trigger" x="0.74799" y="3.799755" />
</GameObjects>
</Level>
