<?xml version="1.0" encoding="utf-16"?>
<Level width="2">
  <Camera x="0" y="2" minWidth="20" maxWidth="30" />
  <Birds>
    <Bird type="BirdRed" />
    <Bird type="BirdBlue" />
    <Bird type="BirdRed" />
</Birds>
  <Slingshot x="-8" y="-2.5" />
  <GameObjects>
    <Block type="SquareSmall" material="wood" x="-0.8607013" y="3.525" rotation="0" />
    <Pig type="BasicSmall" x="-0.8607013" y="3.99" rotation="0" />
    <TNT type="TNT" x="1.06" y="3.67" rotation="0" />
    <Platform type="Platform" x="-3.69" y="3" rotation="0" scaleX="1" scaleY="1" />
    <Platform type="Platform" x="-3.07" y="3" rotation="0" scaleX="1" scaleY="1" />
    <Platform type="Platform" x="-2.45" y="3" rotation="0" scaleX="1" scaleY="1" />
    <Platform type="Platform" x="-1.83" y="3" rotation="0" scaleX="1" scaleY="1" />
    <Platform type="Platform" x="-3.69" y="3" rotation="0" scaleX="1" scaleY="1" />
    <Platform type="Platform" x="-3.07" y="3" rotation="0" scaleX="1" scaleY="1" />
    <Platform type="Platform" x="-2.45" y="3" rotation="0" scaleX="1" scaleY="1" />
    <Platform type="Platform" x="-1.83" y="3" rotation="0" scaleX="1" scaleY="1" />
    <Trigger type="Trigger" x="-1.76" y="0" />
</GameObjects>
</Level>
