<?xml version="1.0" encoding="utf-16"?>
<Level width="2">
  <Camera x="0" y="2" minWidth="20" maxWidth="30" />
  <Birds>
    <Bird type="BirdBlue" />
    <Bird type="BirdRed" />
</Birds>
  <Slingshot x="-8" y="-2.5" />
  <GameObjects>
    <Block type="RectTiny" material="wood" x="-1" y="3.525" rotation="90" />
    <Block type="RectTiny" material="stone" x="-0.575" y="3.525" rotation="90" />
    <Block type="RectTiny" material="wood" x="-0.15" y="3.525" rotation="90" />
    <Block type="RectTiny" material="wood" x="0.49" y="3.525" rotation="90" />
    <Block type="RectTiny" material="stone" x="0.915" y="3.525" rotation="90" />
    <Block type="RectTiny" material="wood" x="1.34" y="3.525" rotation="90" />
    <Block type="RectFat" material="stone" x="-0.895" y="4.165" rotation="90" />
    <Block type="RectFat" material="wood" x="-0.255" y="4.165" rotation="90" />
    <Block type="RectFat" material="stone" x="0.595" y="4.165" rotation="90" />
    <Block type="RectFat" material="wood" x="1.235" y="4.165" rotation="90" />
    <Block type="CircleSmall" material="stone" x="-0.895" y="4.815" rotation="0" />
    <Block type="CircleSmall" material="stone" x="-0.255" y="4.815" rotation="0" />
    <Block type="CircleSmall" material="ice" x="1.235" y="4.815" rotation="0" />
    <TNT type="TNT" x="0.595" y="4.84" rotation="0" />
    <Platform type="Platform" x="-1.69" y="3" rotation="0" scaleX="1" scaleY="1" />
    <Platform type="Platform" x="-1.07" y="3" rotation="0" scaleX="1" scaleY="1" />
    <Platform type="Platform" x="-0.45" y="3" rotation="0" scaleX="1" scaleY="1" />
    <Platform type="Platform" x="0.17" y="3" rotation="0" scaleX="1" scaleY="1" />
    <Platform type="Platform" x="0.79" y="3" rotation="0" scaleX="1" scaleY="1" />
    <Platform type="Platform" x="1.41" y="3" rotation="0" scaleX="1" scaleY="1" />
    <Platform type="Platform" x="2.03" y="3" rotation="0" scaleX="1" scaleY="1" />
    <Trigger type="Trigger" x="0" y="0" />
</GameObjects>
</Level>
