<?xml version="1.0" encoding="utf-16"?>
<Level width="2">
  <Camera x="0" y="2" minWidth="20" maxWidth="30" />
  <Birds>
    <Bird type="BirdYellow" />
    <Bird type="BirdRed" />
    <Bird type="BirdYellow" />
</Birds>
  <Slingshot x="-8" y="-2.5" />
  <GameObjects>
    <Block type="RectMedium" material="stone" x="-2.76" y="1.42" rotation="0" />
    <Block type="RectMedium" material="wood" x="-2.76" y="1.64" rotation="0" />
    <Block type="RectFat" material="ice" x="-3.185" y="2.175" rotation="90" />
    <Block type="RectFat" material="stone" x="-2.335" y="2.175" rotation="90" />
    <Pig type="BasicSmall" x="-3.185" y="2.85" rotation="0" />
    <Pig type="BasicSmall" x="-2.335" y="2.85" rotation="0" />
    <Platform type="Platform" x="-3.69" y="1" rotation="0" scaleX="1" scaleY="1" />
    <Platform type="Platform" x="-3.07" y="1" rotation="0" scaleX="1" scaleY="1" />
    <Platform type="Platform" x="-2.45" y="1" rotation="0" scaleX="1" scaleY="1" />
    <Platform type="Platform" x="-1.83" y="1" rotation="0" scaleX="1" scaleY="1" />
    <Trigger type="Trigger" x="-3.571158" y="1.803802" />
</GameObjects>
</Level>
