<?xml version="1.0" encoding="utf-16"?>
<Level width="2">
  <Camera x="0" y="2" minWidth="20" maxWidth="30" />
  <Birds>
    <Bird type="BirdWhite" />
    <Bird type="BirdBlack" />
    <Bird type="BirdBlack" />
</Birds>
  <Slingshot x="-8" y="-2.5" />
  <GameObjects>
    <Block type="RectTiny" material="stone" x="-2.195965" y="3.42" rotation="0" />
    <Block type="RectFat" material="wood" x="-2.195965" y="3.955" rotation="90" />
    <Block type="SquareTiny" material="wood" x="-2.195965" y="4.49" rotation="0" />
    <Block type="RectTiny" material="wood" x="-2.195965" y="4.815" rotation="90" />
    <Pig type="BasicSmall" x="-2.195965" y="5.28" rotation="0" />
    <TNT type="TNT" x="-2.82" y="3.67" rotation="0" />
    <Platform type="Platform" x="-2.69" y="3" rotation="0" scaleX="1" scaleY="1" />
    <Platform type="Platform" x="-2.07" y="3" rotation="0" scaleX="1" scaleY="1" />
    <Trigger type="Trigger" x="0" y="0" />
</GameObjects>
</Level>
