<?xml version="1.0" encoding="utf-16"?>
<Level width="2">
  <Camera x="0" y="2" minWidth="20" maxWidth="30" />
  <Birds>
    <Bird type="BirdYellow" />
    <Bird type="BirdBlue" />
    <Bird type="BirdWhite" />
</Birds>
  <Slingshot x="-8" y="-2.5" />
  <GameObjects>
    <Block type="RectSmall" material="wood" x="-3.42" y="2.735" rotation="90" />
    <Block type="RectSmall" material="wood" x="-3.045" y="2.735" rotation="90" />
    <Block type="RectSmall" material="wood" x="-2.67" y="2.735" rotation="90" />
    <Block type="RectSmall" material="stone" x="-2.23" y="2.735" rotation="90" />
    <Block type="RectSmall" material="ice" x="-1.855" y="2.735" rotation="90" />
    <Block type="RectSmall" material="stone" x="-1.48" y="2.735" rotation="90" />
    <Block type="RectTiny" material="stone" x="-3.315" y="3.27" rotation="0" />
    <Block type="RectTiny" material="ice" x="-2.775" y="3.27" rotation="0" />
    <Block type="RectTiny" material="wood" x="-2.125" y="3.27" rotation="0" />
    <Block type="RectTiny" material="ice" x="-1.585" y="3.27" rotation="0" />
    <Block type="SquareSmall" material="ice" x="-3.315" y="3.595" rotation="0" />
    <Block type="SquareSmall" material="wood" x="-2.775" y="3.595" rotation="0" />
    <Block type="SquareSmall" material="stone" x="-2.125" y="3.595" rotation="0" />
    <Block type="SquareSmall" material="wood" x="-1.585" y="3.595" rotation="0" />
    <Block type="CircleSmall" material="ice" x="-1.585" y="4.035" rotation="0" />
    <Pig type="BasicSmall" x="-2.125" y="4.06" rotation="0" />
    <Pig type="BasicSmall" x="-3.315" y="4.06" rotation="0" />
    <TNT type="TNT" x="-2.775" y="4.06" rotation="0" />
    <Platform type="Platform" x="-3.69" y="2" rotation="0" scaleX="1" scaleY="1" />
    <Platform type="Platform" x="-3.07" y="2" rotation="0" scaleX="1" scaleY="1" />
    <Platform type="Platform" x="-2.45" y="2" rotation="0" scaleX="1" scaleY="1" />
    <Platform type="Platform" x="-1.83" y="2" rotation="0" scaleX="1" scaleY="1" />
    <Platform type="Platform" x="-1.21" y="2" rotation="0" scaleX="1" scaleY="1" />
    <Trigger type="Trigger" x="-3.535709" y="2.903392" />
</GameObjects>
</Level>
