<?xml version="1.0" encoding="utf-16"?>
<Level width="2">
  <Camera x="0" y="2" minWidth="20" maxWidth="30" />
  <Birds>
    <Bird type="BirdYellow" />
    <Bird type="BirdWhite" />
    <Bird type="BirdYellow" />
</Birds>
  <Slingshot x="-8" y="-2.5" />
  <GameObjects>
    <Block type="RectBig" material="wood" x="0" y="4.42" rotation="0" />
    <Block type="RectFat" material="ice" x="0.4849999" y="4.955" rotation="90" />
    <Block type="RectFat" material="stone" x="-0.485" y="4.955" rotation="90" />
    <Pig type="BasicSmall" x="-0.485" y="5.63" rotation="0" />
    <Pig type="BasicSmall" x="0.4849999" y="5.63" rotation="0" />
    <Platform type="Platform" x="-1.69" y="4" rotation="0" scaleX="1" scaleY="1" />
    <Platform type="Platform" x="-1.07" y="4" rotation="0" scaleX="1" scaleY="1" />
    <Platform type="Platform" x="-0.45" y="4" rotation="0" scaleX="1" scaleY="1" />
    <Platform type="Platform" x="0.17" y="4" rotation="0" scaleX="1" scaleY="1" />
    <Platform type="Platform" x="-1.69" y="4" rotation="0" scaleX="1" scaleY="1" />
    <Platform type="Platform" x="-1.07" y="4" rotation="0" scaleX="1" scaleY="1" />
    <Platform type="Platform" x="-0.45" y="4" rotation="0" scaleX="1" scaleY="1" />
    <Platform type="Platform" x="0.17" y="4" rotation="0" scaleX="1" scaleY="1" />
    <Trigger type="Trigger" x="0.6037447" y="5.439087" />
</GameObjects>
</Level>
