<?xml version="1.0" encoding="utf-16"?>
<Level width="2">
  <Camera x="0" y="2" minWidth="20" maxWidth="30" />
  <Birds>
    <Bird type="BirdBlue" />
    <Bird type="BirdYellow" />
    <Bird type="BirdRed" />
</Birds>
  <Slingshot x="-8" y="-2.5" />
  <GameObjects>
    <Block type="RectTiny" material="ice" x="0.5333793" y="1.42" rotation="0" />
    <Block type="RectFat" material="wood" x="0.5333793" y="1.955" rotation="90" />
    <Pig type="BasicSmall" x="0.5333793" y="2.63" rotation="0" />
    <TNT type="TNT" x="1.06" y="1.67" rotation="0" />
    <Platform type="Platform" x="-2.69" y="1" rotation="0" scaleX="1" scaleY="1" />
    <Platform type="Platform" x="-2.07" y="1" rotation="0" scaleX="1" scaleY="1" />
    <Platform type="Platform" x="-1.45" y="1" rotation="0" scaleX="1" scaleY="1" />
    <Platform type="Platform" x="-0.83" y="1" rotation="0" scaleX="1" scaleY="1" />
    <Platform type="Platform" x="-2.69" y="1" rotation="0" scaleX="1" scaleY="1" />
    <Platform type="Platform" x="-2.07" y="1" rotation="0" scaleX="1" scaleY="1" />
    <Platform type="Platform" x="-1.45" y="1" rotation="0" scaleX="1" scaleY="1" />
    <Platform type="Platform" x="-0.83" y="1" rotation="0" scaleX="1" scaleY="1" />
    <Trigger type="Trigger" x="-1.76" y="-2" />
</GameObjects>
</Level>
