<?xml version="1.0" encoding="utf-16"?>
<Level width="2">
  <Camera x="0" y="2" minWidth="20" maxWidth="30" />
  <Birds>
    <Bird type="BirdYellow" />
    <Bird type="BirdBlue" />
    <Bird type="BirdBlack" />
</Birds>
  <Slingshot x="-8" y="-2.5" />
  <GameObjects>
    <Block type="RectMedium" material="wood" x="1.25" y="4.42" rotation="0" />
    <Block type="RectMedium" material="stone" x="-1.25" y="4.42" rotation="0" />
    <Pig type="BasicSmall" x="1.81" y="4.78" rotation="0" />
    <TNT type="TNT" x="-0.6900001" y="4.78" rotation="0" />
    <TNT type="TNT" x="-1.25" y="4.78" rotation="0" />
    <TNT type="TNT" x="-1.81" y="4.78" rotation="0" />
    <Platform type="Platform" x="-1.69" y="4" rotation="0" scaleX="1" scaleY="1" />
    <Platform type="Platform" x="-1.07" y="4" rotation="0" scaleX="1" scaleY="1" />
    <Platform type="Platform" x="-0.45" y="4" rotation="0" scaleX="1" scaleY="1" />
    <Platform type="Platform" x="0.17" y="4" rotation="0" scaleX="1" scaleY="1" />
    <Platform type="Platform" x="0.79" y="4" rotation="0" scaleX="1" scaleY="1" />
    <Platform type="Platform" x="1.41" y="4" rotation="0" scaleX="1" scaleY="1" />
    <Platform type="Platform" x="2.03" y="4" rotation="0" scaleX="1" scaleY="1" />
    <Platform type="Platform" x="-1.69" y="4" rotation="0" scaleX="1" scaleY="1" />
    <Platform type="Platform" x="-1.07" y="4" rotation="0" scaleX="1" scaleY="1" />
    <Platform type="Platform" x="-0.45" y="4" rotation="0" scaleX="1" scaleY="1" />
    <Platform type="Platform" x="0.17" y="4" rotation="0" scaleX="1" scaleY="1" />
    <Platform type="Platform" x="0.79" y="4" rotation="0" scaleX="1" scaleY="1" />
    <Platform type="Platform" x="1.41" y="4" rotation="0" scaleX="1" scaleY="1" />
    <Platform type="Platform" x="2.03" y="4" rotation="0" scaleX="1" scaleY="1" />
    <Trigger type="Trigger" x="2.041508" y="4.574874" />
</GameObjects>
</Level>
