<?xml version="1.0" encoding="utf-16"?>
<Level width="2">
  <Camera x="0" y="2" minWidth="20" maxWidth="30" />
  <Birds>
    <Bird type="BirdWhite" />
    <Bird type="BirdBlue" />
</Birds>
  <Slingshot x="-8" y="-2.5" />
  <GameObjects>
    <Block type="SquareHole" material="wood" x="-0.75" y="1.73" rotation="0" />
    <Block type="SquareHole" material="wood" x="1.09" y="1.73" rotation="0" />
    <Block type="RectBig" material="stone" x="0.17" y="2.26" rotation="0" />
    <Block type="RectMedium" material="stone" x="0.17" y="2.48" rotation="0" />
    <Block type="TriangleHole" material="wood" x="0.73" y="3" rotation="0" />
    <TNT type="TNT" x="-0.39" y="2.84" rotation="0" />
    <TNT type="TNT" x="0.15" y="1.56" rotation="0" />
    <Platform type="Platform" x="-1.69" y="1" rotation="0" scaleX="1" scaleY="1" />
    <Platform type="Platform" x="-1.07" y="1" rotation="0" scaleX="1" scaleY="1" />
    <Platform type="Platform" x="-0.45" y="1" rotation="0" scaleX="1" scaleY="1" />
    <Platform type="Platform" x="0.17" y="1" rotation="0" scaleX="1" scaleY="1" />
    <Platform type="Platform" x="0.79" y="1" rotation="0" scaleX="1" scaleY="1" />
    <Platform type="Platform" x="1.41" y="1" rotation="0" scaleX="1" scaleY="1" />
    <Platform type="Platform" x="2.03" y="1" rotation="0" scaleX="1" scaleY="1" />
    <Trigger type="Trigger" x="1" y="-2" />
</GameObjects>
</Level>
