<?xml version="1.0" encoding="utf-16"?>
<Level width="2">
  <Camera x="0" y="2" minWidth="20" maxWidth="30" />
  <Birds>
    <Bird type="BirdRed" />
    <Bird type="BirdYellow" />
    <Bird type="BirdWhite" />
</Birds>
  <Slingshot x="-8" y="-2.5" />
  <GameObjects>
    <Block type="SquareTiny" material="ice" x="-3.984613" y="0.4200001" rotation="0" />
    <Pig type="BasicSmall" x="-3.984613" y="0.78" rotation="0" />
    <TNT type="TNT" x="-4.353264" y="0.6700001" rotation="0" />
    <Platform type="Platform" x="-4.69" y="0" rotation="0" scaleX="1" scaleY="1" />
    <Platform type="Platform" x="-4.07" y="0" rotation="0" scaleX="1" scaleY="1" />
    <Trigger type="Trigger" x="-2" y="-3" />
</GameObjects>
</Level>
