<?xml version="1.0" encoding="utf-16"?>
<Level width="2">
  <Camera x="0" y="2" minWidth="20" maxWidth="30" />
  <Birds>
    <Bird type="BirdBlack" />
    <Bird type="BirdYellow" />
    <Bird type="BirdWhite" />
</Birds>
  <Slingshot x="-8" y="-2.5" />
  <GameObjects>
    <Block type="RectFat" material="wood" x="-3.670098" y="3.525" rotation="0" />
    <Block type="RectSmall" material="stone" x="-3.670098" y="3.85" rotation="0" />
    <Block type="SquareHole" material="ice" x="-3.670098" y="4.38" rotation="0" />
    <Pig type="BasicSmall" x="-3.670098" y="5.05" rotation="0" />
    <TNT type="TNT" x="-4.579113" y="3.67" rotation="0" />
    <Platform type="Platform" x="-4.69" y="3" rotation="0" scaleX="1" scaleY="1" />
    <Platform type="Platform" x="-4.07" y="3" rotation="0" scaleX="1" scaleY="1" />
    <Platform type="Platform" x="-3.45" y="3" rotation="0" scaleX="1" scaleY="1" />
    <Platform type="Platform" x="-2.83" y="3" rotation="0" scaleX="1" scaleY="1" />
    <Trigger type="Trigger" x="-2" y="0" />
</GameObjects>
</Level>
