<?xml version="1.0" encoding="utf-16"?>
<Level width="2">
  <Camera x="0" y="2" minWidth="20" maxWidth="30" />
  <Birds>
    <Bird type="BirdRed" />
    <Bird type="BirdBlue" />
</Birds>
  <Slingshot x="-8" y="-2.5" />
  <GameObjects>
    <Block type="RectTiny" material="stone" x="0.72" y="0.4200001" rotation="0" />
    <Block type="RectTiny" material="stone" x="0" y="0.4200001" rotation="0" />
    <Block type="RectTiny" material="ice" x="-0.72" y="0.4200001" rotation="0" />
    <Block type="RectFat" material="wood" x="0.72" y="0.9549999" rotation="90" />
    <Block type="RectFat" material="ice" x="0" y="0.9549999" rotation="90" />
    <Block type="RectFat" material="wood" x="-0.72" y="0.9549999" rotation="90" />
    <Block type="CircleSmall" material="stone" x="-0.72" y="1.605" rotation="0" />
    <Block type="CircleSmall" material="stone" x="0.72" y="1.605" rotation="0" />
    <TNT type="TNT" x="0" y="1.63" rotation="0" />
    <Platform type="Platform" x="-2.69" y="0" rotation="0" scaleX="1" scaleY="1" />
    <Platform type="Platform" x="-2.07" y="0" rotation="0" scaleX="1" scaleY="1" />
    <Platform type="Platform" x="-1.45" y="0" rotation="0" scaleX="1" scaleY="1" />
    <Platform type="Platform" x="-0.83" y="0" rotation="0" scaleX="1" scaleY="1" />
    <Platform type="Platform" x="-0.21" y="0" rotation="0" scaleX="1" scaleY="1" />
    <Platform type="Platform" x="-2.69" y="0" rotation="0" scaleX="1" scaleY="1" />
    <Platform type="Platform" x="-2.07" y="0" rotation="0" scaleX="1" scaleY="1" />
    <Platform type="Platform" x="-1.45" y="0" rotation="0" scaleX="1" scaleY="1" />
    <Platform type="Platform" x="-0.83" y="0" rotation="0" scaleX="1" scaleY="1" />
    <Platform type="Platform" x="-0.21" y="0" rotation="0" scaleX="1" scaleY="1" />
    <Trigger type="Trigger" x="0.87553" y="1.207934" />
</GameObjects>
</Level>
