<?xml version="1.0" encoding="utf-16"?>
<Level width="2">
  <Camera x="0" y="2" minWidth="20" maxWidth="30" />
  <Birds>
    <Bird type="BirdRed" />
    <Bird type="BirdRed" />
</Birds>
  <Slingshot x="-8" y="-2.5" />
  <GameObjects>
    <Block type="RectMedium" material="ice" x="0.2500001" y="1.15" rotation="90" />
    <Block type="RectMedium" material="ice" x="-0.2499999" y="1.15" rotation="90" />
    <Block type="Circle" material="ice" x="-0.2499999" y="2.39" rotation="0" />
    <Platform type="Platform" x="-1.69" y="0" rotation="0" scaleX="1" scaleY="1" />
    <Platform type="Platform" x="-1.07" y="0" rotation="0" scaleX="1" scaleY="1" />
    <Platform type="Platform" x="-1.69" y="0" rotation="0" scaleX="1" scaleY="1" />
    <Platform type="Platform" x="-1.07" y="0" rotation="0" scaleX="1" scaleY="1" />
    <Trigger type="Trigger" x="0.008510947" y="2.309537" />
</GameObjects>
</Level>
