<?xml version="1.0" encoding="utf-16"?>
<Level width="2">
  <Camera x="0" y="2" minWidth="20" maxWidth="30" />
  <Birds>
    <Bird type="BirdRed" />
    <Bird type="BirdBlack" />
    <Bird type="BirdBlack" />
</Birds>
  <Slingshot x="-8" y="-2.5" />
  <GameObjects>
    <Block type="RectTiny" material="stone" x="0.9199999" y="2.525" rotation="90" />
    <Block type="RectTiny" material="stone" x="5.960464E-08" y="2.525" rotation="90" />
    <Block type="RectTiny" material="ice" x="-0.92" y="2.525" rotation="90" />
    <Block type="RectBig" material="ice" x="5.960464E-08" y="2.85" rotation="0" />
    <Block type="RectTiny" material="stone" x="0.315" y="3.07" rotation="0" />
    <Block type="RectTiny" material="stone" x="-0.315" y="3.07" rotation="0" />
    <Block type="SquareSmall" material="ice" x="0.315" y="3.395" rotation="0" />
    <Block type="SquareSmall" material="ice" x="-0.315" y="3.395" rotation="0" />
    <Block type="RectSmall" material="wood" x="5.960464E-08" y="3.72" rotation="0" />
    <Block type="CircleSmall" material="wood" x="0.2833334" y="4.055" rotation="0" />
    <Pig type="BasicSmall" x="-0.2833334" y="4.08" rotation="0" />
    <Platform type="Platform" x="-1.69" y="2" rotation="0" scaleX="1" scaleY="1" />
    <Platform type="Platform" x="-1.07" y="2" rotation="0" scaleX="1" scaleY="1" />
    <Platform type="Platform" x="-0.45" y="2" rotation="0" scaleX="1" scaleY="1" />
    <Platform type="Platform" x="0.17" y="2" rotation="0" scaleX="1" scaleY="1" />
    <Platform type="Platform" x="0.79" y="2" rotation="0" scaleX="1" scaleY="1" />
    <Platform type="Platform" x="-1.69" y="2" rotation="0" scaleX="1" scaleY="1" />
    <Platform type="Platform" x="-1.07" y="2" rotation="0" scaleX="1" scaleY="1" />
    <Platform type="Platform" x="-0.45" y="2" rotation="0" scaleX="1" scaleY="1" />
    <Platform type="Platform" x="0.17" y="2" rotation="0" scaleX="1" scaleY="1" />
    <Platform type="Platform" x="0.79" y="2" rotation="0" scaleX="1" scaleY="1" />
    <Trigger type="Trigger" x="0.5386434" y="3.510238" />
</GameObjects>
</Level>
