<?xml version="1.0" encoding="utf-16"?>
<Level width="2">
  <Camera x="0" y="2" minWidth="20" maxWidth="30" />
  <Birds>
    <Bird type="BirdYellow" />
    <Bird type="BirdRed" />
    <Bird type="BirdBlue" />
</Birds>
  <Slingshot x="-8" y="-2.5" />
  <GameObjects>
    <Block type="RectBig" material="wood" x="-3.76" y="1.42" rotation="0" />
    <Block type="RectFat" material="wood" x="-4.185" y="1.745" rotation="0" />
    <Block type="RectFat" material="ice" x="-3.335" y="1.745" rotation="0" />
    <Block type="SquareSmall" material="ice" x="-4.185" y="2.175" rotation="0" />
    <Block type="SquareSmall" material="wood" x="-3.335" y="2.175" rotation="0" />
    <Block type="Circle" material="wood" x="-3.335" y="2.79" rotation="0" />
    <Pig type="BasicSmall" x="-4.185" y="2.64" rotation="0" />
    <Platform type="Platform" x="-4.69" y="1" rotation="0" scaleX="1" scaleY="1" />
    <Platform type="Platform" x="-4.07" y="1" rotation="0" scaleX="1" scaleY="1" />
    <Platform type="Platform" x="-3.45" y="1" rotation="0" scaleX="1" scaleY="1" />
    <Platform type="Platform" x="-2.83" y="1" rotation="0" scaleX="1" scaleY="1" />
    <Trigger type="Trigger" x="-4.333676" y="2.462584" />
</GameObjects>
</Level>
