<?xml version="1.0" encoding="utf-16"?>
<Level width="2">
  <Camera x="0" y="2" minWidth="20" maxWidth="30" />
  <Birds>
    <Bird type="BirdYellow" />
    <Bird type="BirdBlue" />
    <Bird type="BirdRed" />
</Birds>
  <Slingshot x="-8" y="-2.5" />
  <GameObjects>
    <Block type="SquareSmall" material="wood" x="1.65" y="2.525" rotation="0" />
    <Block type="SquareSmall" material="wood" x="-2.980232E-08" y="2.525" rotation="0" />
    <Block type="SquareSmall" material="ice" x="-1.65" y="2.525" rotation="0" />
    <Block type="RectMedium" material="wood" x="0.92" y="2.85" rotation="0" />
    <Block type="RectMedium" material="wood" x="-0.9200001" y="2.85" rotation="0" />
    <Block type="RectBig" material="ice" x="-2.980232E-08" y="3.07" rotation="0" />
    <Block type="SquareSmall" material="ice" x="0.425" y="3.395" rotation="0" />
    <Block type="SquareSmall" material="ice" x="-0.425" y="3.395" rotation="0" />
    <Block type="TriangleHole" material="stone" x="-0.425" y="4.02" rotation="0" />
    <Pig type="BasicSmall" x="0.425" y="3.86" rotation="0" />
    <TNT type="TNT" x="-1.48" y="3.21" rotation="0" />
    <TNT type="TNT" x="1.48" y="3.21" rotation="0" />
    <Platform type="Platform" x="-1.69" y="2" rotation="0" scaleX="1" scaleY="1" />
    <Platform type="Platform" x="-1.07" y="2" rotation="0" scaleX="1" scaleY="1" />
    <Platform type="Platform" x="-0.45" y="2" rotation="0" scaleX="1" scaleY="1" />
    <Platform type="Platform" x="0.17" y="2" rotation="0" scaleX="1" scaleY="1" />
    <Platform type="Platform" x="0.79" y="2" rotation="0" scaleX="1" scaleY="1" />
    <Platform type="Platform" x="1.41" y="2" rotation="0" scaleX="1" scaleY="1" />
    <Platform type="Platform" x="2.03" y="2" rotation="0" scaleX="1" scaleY="1" />
    <Platform type="Platform" x="-1.69" y="2" rotation="0" scaleX="1" scaleY="1" />
    <Platform type="Platform" x="-1.07" y="2" rotation="0" scaleX="1" scaleY="1" />
    <Platform type="Platform" x="-0.45" y="2" rotation="0" scaleX="1" scaleY="1" />
    <Platform type="Platform" x="0.17" y="2" rotation="0" scaleX="1" scaleY="1" />
    <Platform type="Platform" x="0.79" y="2" rotation="0" scaleX="1" scaleY="1" />
    <Platform type="Platform" x="1.41" y="2" rotation="0" scaleX="1" scaleY="1" />
    <Platform type="Platform" x="2.03" y="2" rotation="0" scaleX="1" scaleY="1" />
    <Trigger type="Trigger" x="1.737014" y="2.753707" />
</GameObjects>
</Level>
