<?xml version="1.0" encoding="utf-16"?>
<Level width="2">
  <Camera x="0" y="2" minWidth="20" maxWidth="30" />
  <Birds>
    <Bird type="BirdRed" />
    <Bird type="BirdRed" />
    <Bird type="BirdYellow" />
</Birds>
  <Slingshot x="-8" y="-2.5" />
  <GameObjects>
    <Block type="RectFat" material="stone" x="-3.069824" y="1.735" rotation="90" />
    <Pig type="BasicSmall" x="-3.069824" y="2.41" rotation="0" />
    <TNT type="TNT" x="-3.561117" y="1.67" rotation="0" />
    <Platform type="Platform" x="-3.69" y="1" rotation="0" scaleX="1" scaleY="1" />
    <Platform type="Platform" x="-3.07" y="1" rotation="0" scaleX="1" scaleY="1" />
    <Trigger type="Trigger" x="-1" y="-2" />
</GameObjects>
</Level>
