<?xml version="1.0" encoding="utf-16"?>
<Level width="2">
  <Camera x="0" y="2" minWidth="20" maxWidth="30" />
  <Birds>
    <Bird type="BirdRed" />
    <Bird type="BirdYellow" />
    <Bird type="BirdBlue" />
</Birds>
  <Slingshot x="-8" y="-2.5" />
  <GameObjects>
    <Block type="SquareHole" material="wood" x="1.26" y="3.73" rotation="0" />
    <Block type="SquareHole" material="wood" x="-1.192093E-07" y="3.73" rotation="0" />
    <Block type="SquareHole" material="wood" x="-1.26" y="3.73" rotation="0" />
    <Block type="CircleSmall" material="stone" x="0.9799999" y="4.375" rotation="0" />
    <Block type="CircleSmall" material="wood" x="-1.54" y="4.375" rotation="0" />
    <Pig type="BasicSmall" x="-1.192093E-07" y="4.4" rotation="0" />
    <Pig type="BasicSmall" x="-0.98" y="4.4" rotation="0" />
    <TNT type="TNT" x="1.54" y="4.4" rotation="0" />
    <Platform type="Platform" x="-3.69" y="3" rotation="0" scaleX="1" scaleY="1" />
    <Platform type="Platform" x="-3.07" y="3" rotation="0" scaleX="1" scaleY="1" />
    <Platform type="Platform" x="-2.45" y="3" rotation="0" scaleX="1" scaleY="1" />
    <Platform type="Platform" x="-1.83" y="3" rotation="0" scaleX="1" scaleY="1" />
    <Platform type="Platform" x="-1.21" y="3" rotation="0" scaleX="1" scaleY="1" />
    <Platform type="Platform" x="-0.59" y="3" rotation="0" scaleX="1" scaleY="1" />
    <Platform type="Platform" x="0.02999997" y="3" rotation="0" scaleX="1" scaleY="1" />
    <Platform type="Platform" x="-3.69" y="3" rotation="0" scaleX="1" scaleY="1" />
    <Platform type="Platform" x="-3.07" y="3" rotation="0" scaleX="1" scaleY="1" />
    <Platform type="Platform" x="-2.45" y="3" rotation="0" scaleX="1" scaleY="1" />
    <Platform type="Platform" x="-1.83" y="3" rotation="0" scaleX="1" scaleY="1" />
    <Platform type="Platform" x="-1.21" y="3" rotation="0" scaleX="1" scaleY="1" />
    <Platform type="Platform" x="-0.59" y="3" rotation="0" scaleX="1" scaleY="1" />
    <Platform type="Platform" x="0.02999997" y="3" rotation="0" scaleX="1" scaleY="1" />
    <Trigger type="Trigger" x="-1.83" y="0" />
</GameObjects>
</Level>
