<?xml version="1.0" encoding="utf-16"?>
<Level width="2">
  <Camera x="0" y="2" minWidth="20" maxWidth="30" />
  <Birds>
    <Bird type="BirdRed" />
    <Bird type="BirdYellow" />
    <Bird type="BirdYellow" />
</Birds>
  <Slingshot x="-8" y="-2.5" />
  <GameObjects>
    <Block type="RectMedium" material="ice" x="-1.83" y="4.42" rotation="0" />
    <Block type="RectMedium" material="ice" x="0.17" y="4.42" rotation="0" />
    <Block type="RectFat" material="wood" x="-2.34" y="4.955" rotation="90" />
    <Block type="RectFat" material="wood" x="-1.83" y="4.955" rotation="90" />
    <Block type="RectFat" material="wood" x="-1.32" y="4.955" rotation="90" />
    <Block type="RectFat" material="wood" x="-0.34" y="4.955" rotation="90" />
    <Block type="RectFat" material="ice" x="0.17" y="4.955" rotation="90" />
    <Block type="RectFat" material="ice" x="0.68" y="4.955" rotation="90" />
    <Block type="RectTiny" material="ice" x="-2.235" y="5.49" rotation="0" />
    <Block type="RectTiny" material="wood" x="-1.425" y="5.49" rotation="0" />
    <Block type="RectTiny" material="wood" x="-0.235" y="5.49" rotation="0" />
    <Block type="RectTiny" material="wood" x="0.575" y="5.49" rotation="0" />
    <Pig type="BasicSmall" x="0.575" y="5.85" rotation="0" />
    <TNT type="TNT" x="-2.235" y="5.85" rotation="0" />
    <TNT type="TNT" x="-1.425" y="5.85" rotation="0" />
    <TNT type="TNT" x="-0.235" y="5.85" rotation="0" />
    <Platform type="Platform" x="-2.69" y="4" rotation="0" scaleX="1" scaleY="1" />
    <Platform type="Platform" x="-2.07" y="4" rotation="0" scaleX="1" scaleY="1" />
    <Platform type="Platform" x="-1.45" y="4" rotation="0" scaleX="1" scaleY="1" />
    <Platform type="Platform" x="-0.83" y="4" rotation="0" scaleX="1" scaleY="1" />
    <Platform type="Platform" x="-0.21" y="4" rotation="0" scaleX="1" scaleY="1" />
    <Platform type="Platform" x="0.41" y="4" rotation="0" scaleX="1" scaleY="1" />
    <Platform type="Platform" x="1.03" y="4" rotation="0" scaleX="1" scaleY="1" />
    <Trigger type="Trigger" x="0" y="0" />
</GameObjects>
</Level>
