<?xml version="1.0" encoding="utf-16"?>
<Level width="2">
  <Camera x="0" y="2" minWidth="20" maxWidth="30" />
  <Birds>
    <Bird type="BirdWhite" />
    <Bird type="BirdBlue" />
</Birds>
  <Slingshot x="-8" y="-2.5" />
  <GameObjects>
    <Block type="RectFat" material="wood" x="-0.8049999" y="3.735" rotation="90" />
    <Block type="RectFat" material="ice" x="-0.09500003" y="3.735" rotation="90" />
    <Block type="RectTiny" material="stone" x="-0.8049999" y="4.27" rotation="0" />
    <Block type="RectTiny" material="wood" x="-0.09500003" y="4.27" rotation="0" />
    <Block type="TriangleHole" material="stone" x="-0.09500003" y="4.79" rotation="0" />
    <TNT type="TNT" x="-0.8049999" y="4.63" rotation="0" />
    <Platform type="Platform" x="-1.69" y="3" rotation="0" scaleX="1" scaleY="1" />
    <Platform type="Platform" x="-1.07" y="3" rotation="0" scaleX="1" scaleY="1" />
    <Platform type="Platform" x="-0.45" y="3" rotation="0" scaleX="1" scaleY="1" />
    <Platform type="Platform" x="0.17" y="3" rotation="0" scaleX="1" scaleY="1" />
    <Platform type="Platform" x="0.79" y="3" rotation="0" scaleX="1" scaleY="1" />
    <Trigger type="Trigger" x="-1.009219" y="3.890259" />
</GameObjects>
</Level>
