<?xml version="1.0" encoding="utf-16"?>
<Level width="2">
  <Camera x="0" y="2" minWidth="20" maxWidth="30" />
  <Birds>
    <Bird type="BirdYellow" />
    <Bird type="BirdRed" />
</Birds>
  <Slingshot x="-8" y="-2.5" />
  <GameObjects>
    <Block type="RectMedium" material="wood" x="1.3" y="1.42" rotation="0" />
    <Block type="RectMedium" material="stone" x="-1.3" y="1.42" rotation="0" />
    <Block type="RectMedium" material="stone" x="1.3" y="1.64" rotation="0" />
    <Block type="RectMedium" material="wood" x="-1.3" y="1.64" rotation="0" />
    <Block type="RectMedium" material="stone" x="1.3" y="1.86" rotation="0" />
    <Block type="RectMedium" material="stone" x="-1.3" y="1.86" rotation="0" />
    <Block type="CircleSmall" material="ice" x="1.86" y="2.195" rotation="0" />
    <Block type="Triangle" material="wood" x="-1.3" y="2.38" rotation="0" />
    <Block type="CircleSmall" material="ice" x="0.74" y="2.195" rotation="0" />
    <TNT type="TNT" x="1.3" y="2.22" rotation="0" />
    <Platform type="Platform" x="-1.69" y="1" rotation="0" scaleX="1" scaleY="1" />
    <Platform type="Platform" x="-1.07" y="1" rotation="0" scaleX="1" scaleY="1" />
    <Platform type="Platform" x="-0.45" y="1" rotation="0" scaleX="1" scaleY="1" />
    <Platform type="Platform" x="0.17" y="1" rotation="0" scaleX="1" scaleY="1" />
    <Platform type="Platform" x="0.79" y="1" rotation="0" scaleX="1" scaleY="1" />
    <Platform type="Platform" x="1.41" y="1" rotation="0" scaleX="1" scaleY="1" />
    <Platform type="Platform" x="2.03" y="1" rotation="0" scaleX="1" scaleY="1" />
    <Platform type="Platform" x="-1.69" y="1" rotation="0" scaleX="1" scaleY="1" />
    <Platform type="Platform" x="-1.07" y="1" rotation="0" scaleX="1" scaleY="1" />
    <Platform type="Platform" x="-0.45" y="1" rotation="0" scaleX="1" scaleY="1" />
    <Platform type="Platform" x="0.17" y="1" rotation="0" scaleX="1" scaleY="1" />
    <Platform type="Platform" x="0.79" y="1" rotation="0" scaleX="1" scaleY="1" />
    <Platform type="Platform" x="1.41" y="1" rotation="0" scaleX="1" scaleY="1" />
    <Platform type="Platform" x="2.03" y="1" rotation="0" scaleX="1" scaleY="1" />
    <Trigger type="Trigger" x="2.066422" y="1.572959" />
</GameObjects>
</Level>
