<?xml version="1.0" encoding="utf-16"?>
<Level width="2">
  <Camera x="0" y="2" minWidth="20" maxWidth="30" />
  <Birds>
    <Bird type="BirdBlue" />
    <Bird type="BirdWhite" />
    <Bird type="BirdRed" />
</Birds>
  <Slingshot x="-8" y="-2.5" />
  <GameObjects>
    <Block type="RectSmall" material="ice" x="-4.26" y="4.42" rotation="0" />
    <Block type="RectSmall" material="ice" x="-3.26" y="4.42" rotation="0" />
    <Block type="RectFat" material="wood" x="-4.26" y="4.745" rotation="0" />
    <Block type="RectFat" material="stone" x="-3.26" y="4.745" rotation="0" />
    <Block type="RectTiny" material="stone" x="-4.26" y="5.175" rotation="90" />
    <Block type="RectTiny" material="ice" x="-3.26" y="5.175" rotation="90" />
    <Pig type="BasicSmall" x="-4.26" y="5.64" rotation="0" />
    <Pig type="BasicSmall" x="-3.26" y="5.64" rotation="0" />
    <Platform type="Platform" x="-4.69" y="4" rotation="0" scaleX="1" scaleY="1" />
    <Platform type="Platform" x="-4.07" y="4" rotation="0" scaleX="1" scaleY="1" />
    <Platform type="Platform" x="-3.45" y="4" rotation="0" scaleX="1" scaleY="1" />
    <Platform type="Platform" x="-2.83" y="4" rotation="0" scaleX="1" scaleY="1" />
    <Trigger type="Trigger" x="-4.318089" y="5.457243" />
</GameObjects>
</Level>
