<?xml version="1.0" encoding="utf-16"?>
<Level width="2">
  <Camera x="0" y="2" minWidth="20" maxWidth="30" />
  <Birds>
    <Bird type="BirdWhite" />
    <Bird type="BirdBlack" />
    <Bird type="BirdYellow" />
</Birds>
  <Slingshot x="-8" y="-2.5" />
  <GameObjects>
    <Block type="RectFat" material="stone" x="5.960464E-08" y="1.525" rotation="0" />
    <Block type="RectTiny" material="wood" x="5.960464E-08" y="1.85" rotation="0" />
    <Pig type="BasicSmall" x="5.960464E-08" y="2.21" rotation="0" />
    <Platform type="Platform" x="-1.69" y="1" rotation="0" scaleX="1" scaleY="1" />
    <Platform type="Platform" x="-1.07" y="1" rotation="0" scaleX="1" scaleY="1" />
    <Platform type="Platform" x="-0.45" y="1" rotation="0" scaleX="1" scaleY="1" />
    <Platform type="Platform" x="0.17" y="1" rotation="0" scaleX="1" scaleY="1" />
    <Platform type="Platform" x="0.79" y="1" rotation="0" scaleX="1" scaleY="1" />
    <Platform type="Platform" x="-1.69" y="1" rotation="0" scaleX="1" scaleY="1" />
    <Platform type="Platform" x="-1.07" y="1" rotation="0" scaleX="1" scaleY="1" />
    <Platform type="Platform" x="-0.45" y="1" rotation="0" scaleX="1" scaleY="1" />
    <Platform type="Platform" x="0.17" y="1" rotation="0" scaleX="1" scaleY="1" />
    <Platform type="Platform" x="0.79" y="1" rotation="0" scaleX="1" scaleY="1" />
    <Trigger type="Trigger" x="0.1420693" y="1.935289" />
</GameObjects>
</Level>
