<?xml version="1.0" encoding="utf-16"?>
<Level width="2">
  <Camera x="0" y="2" minWidth="20" maxWidth="30" />
  <Birds>
    <Bird type="BirdYellow" />
    <Bird type="BirdRed" />
    <Bird type="BirdYellow" />
</Birds>
  <Slingshot x="-8" y="-2.5" />
  <GameObjects>
    <Block type="RectMedium" material="stone" x="-2.035" y="2.42" rotation="0" />
    <Block type="RectMedium" material="stone" x="0.375" y="2.42" rotation="0" />
    <Block type="RectSmall" material="wood" x="-1.72" y="2.64" rotation="0" />
    <Block type="RectSmall" material="stone" x="-0.83" y="2.64" rotation="0" />
    <Block type="RectSmall" material="stone" x="0.06" y="2.64" rotation="0" />
    <Block type="RectSmall" material="wood" x="-1.72" y="2.86" rotation="0" />
    <Block type="RectSmall" material="ice" x="-0.83" y="2.86" rotation="0" />
    <Block type="RectSmall" material="stone" x="0.06" y="2.86" rotation="0" />
    <Block type="RectSmall" material="stone" x="-1.405" y="3.08" rotation="0" />
    <Block type="RectSmall" material="stone" x="-0.255" y="3.08" rotation="0" />
    <Block type="Circle" material="ice" x="-0.255" y="3.59" rotation="0" />
    <Pig type="BasicSmall" x="-1.121667" y="3.44" rotation="0" />
    <Pig type="BasicSmall" x="0.935" y="2.78" rotation="0" />
    <TNT type="TNT" x="-2.595" y="2.78" rotation="0" />
    <TNT type="TNT" x="-1.688333" y="3.44" rotation="0" />
    <Platform type="Platform" x="-2.69" y="2" rotation="0" scaleX="1" scaleY="1" />
    <Platform type="Platform" x="-2.07" y="2" rotation="0" scaleX="1" scaleY="1" />
    <Platform type="Platform" x="-1.45" y="2" rotation="0" scaleX="1" scaleY="1" />
    <Platform type="Platform" x="-0.83" y="2" rotation="0" scaleX="1" scaleY="1" />
    <Platform type="Platform" x="-0.21" y="2" rotation="0" scaleX="1" scaleY="1" />
    <Platform type="Platform" x="0.41" y="2" rotation="0" scaleX="1" scaleY="1" />
    <Platform type="Platform" x="1.03" y="2" rotation="0" scaleX="1" scaleY="1" />
    <Trigger type="Trigger" x="-2.850685" y="2.575115" />
</GameObjects>
</Level>
