<?xml version="1.0" encoding="utf-16"?>
<Level width ="2">
<Camera x="0" y="2" minWidth="20" maxWidth="30">
<Birds>
<Bird type="BirdBlue"/>
<Bird type="BirdYellow"/>
<Bird type="BirdWhite"/>
</Birds>
<Slingshot x="-8" y="-2.5">
<GameObjects>
<Block type="RectMedium" material="wood" x="-2.066336117178671" y="4.15" rotation="90" />
<Pig type="BasicSmall" material="" x="-2.0663361172" y="5.24" rotation="0" />
<Platform type="Platform" material="" x="-2.69" y="3" />
<Platform type="Platform" material="" x="-2.07" y="3" />
<Platform type="Platform" material="" x="-1.45" y="3" />
<Platform type="Platform" material="" x="-0.8300000000000001" y="3" />
<TNT type="" material="" x="-2.590486863777955" y="3.67" rotation="0" />
</GameObjects>
</Level>
