<?xml version="1.0" encoding="utf-16"?>
<Level width ="2">
<Camera x="0" y="2" minWidth="20" maxWidth="30">
<Birds>
<Bird type="BirdBlack"/>
<Bird type="BirdBlack"/>
</Birds>
<Slingshot x="-8" y="-2.5">
<GameObjects>
<Block type="SquareSmall" material="stone" x="-2.82" y="3.67" rotation="0" />
<Block type="SquareSmall" material="stone" x="-2.82" y="3.97" rotation="0" />
<Block type="RectMedium" material="wood" x="-1.01520275033" y="4.15" rotation="90" />
<Pig type="BasicSmall" material="" x="-1.0152027503" y="5.24" rotation="0" />
<Platform type="Platform" material="" x="-2.69" y="3" />
<Platform type="Platform" material="" x="-2.07" y="3" />
<Platform type="Platform" material="" x="-1.45" y="3" />
<Platform type="Platform" material="" x="-0.83" y="3" />
<TNT type="" material="" x="-1.4" y="3.67" rotation="0" />
</GameObjects>
</Level>
